itemid,mean_frequency,total_count
226559,54.06060606060606,1784
226560,8.043478260869565,185
226561,5.666666666666667,17
226563,53.0,53
226567,2.0,12
226575,2.0,4
226576,1.5,6
226579,2.6666666666666665,8
226580,1.0,1
226582,11.0,11
226588,17.25,69
226589,21.0,21
226597,5.0,5
226599,5.666666666666667,17
226612,11.0,11
226626,1.2,6
226627,1.1428571428571428,8
226628,1.0,1
226631,2.0,2
226632,1.0,1
226633,1.1666666666666667,7
227488,1.0,1
227489,2.0,2
227510,7.25,29
227701,8.0,8
